adult,belongs_to_collection,budget,genres,homepage,id,imdb_id,original_language,original_title,overview,popularity,poster_path,production_companies,production_countries,release_date,revenue,runtime,spoken_languages,status,tagline,title,video,vote_average,vote_count
False,"{'id': 10194, 'name': 'Toy Story Collection', 'poster_path': '/7G9915LfUQ2lVfwMEEhDsn3kT4B.jpg', 'backdrop_path': '/9FBwqcd9IRruEDUrTdcaafOMKUq.jpg'}",30000000,"[{'id': 16, 'name': 'Animation'}, {'id': 35, 'name': 'Comedy'}, {'id': 10751, 'name': 'Family'}]",http://toystory.disney.com/toy-story,862,tt0114709,en,Toy Story,"Led by Woody, Andy's toys live happily in his room until Andy's birthday brings Buzz Lightyear onto the scene. Afraid of losing his place in Andy's heart, Woody plots against Buzz. But when circumstances separate Buzz and Woody from their owner, the duo eventually learns to put aside their differences.",21.946943,/rhIRbceoE9lR4veEXuwCC2wARtG.jpg,"[{'name': 'Pixar Animation Studios', 'id': 3}]","[{'iso_3166_1': 'US', 'name': 'United States of America'}]",1995-10-30,373554033,81.0,"[{'iso_639_1': 'en', 'name': 'English'}]",Released,,Toy Story,False,7.7,5415
False,,65000000,"[{'id': 12, 'name': 'Adventure'}, {'id': 14, 'name': 'Fantasy'}, {'id': 10751, 'name': 'Family'}]",,8844,tt0113497,en,Jumanji,"When siblings Judy and Peter discover an enchanted board game that opens the door to a magical world, they unwittingly invite Alan -- an adult who's been trapped inside the game for 26 years -- into their living room. Alan's only hope for freedom is to finish the game, which proves risky as all three find themselves running from giant rhinoceroses, evil monkeys and other terrifying creatures.",17.015539,/vzmL6fP7aPKNKPRTFnZmiUfciyV.jpg,"[{'name': 'TriStar Pictures', 'id': 559}, {'name': 'Teitler Film', 'id': 2550}, {'name': 'Interscope Communications', 'id': 10201}]","[{'iso_3166_1': 'US', 'name': 'United States of America'}]",1995-12-15,262797249,104.0,"[{'iso_639_1': 'en', 'name': 'English'}, {'iso_639_1': 'fr', 'name': 'Français'}]",Released,Roll the dice and unleash the excitement!,Jumanji,False,6.9,2413
False,"{'id': 119050, 'name': 'Grumpy Old Men Collection', 'poster_path': '/nLvUdqgPgm3F85NMCii9gVFUcet.jpg', 'backdrop_path': '/hypTnLot2z8wpFS7qwsQHW1uV8u.jpg'}",0,"[{'id': 10749, 'name': 'Romance'}, {'id': 35, 'name': 'Comedy'}]",,15602,tt0113228,en,Grumpier Old Men,"A family wedding reignites the ancient feud between next-door neighbors and fishing buddies John and Max. Meanwhile, a sultry Italian divorcée opens a restaurant at the local bait shop, alarming the locals who worry she'll scare the fish away. But she's less interested in seafood than she is in cooking up a hot time with Max.",11.7129,/6ksm1sjKMFLbO7UY2i6G1ju9SML.jpg,"[{'name': 'Warner Bros.', 'id': 6194}, {'name': 'Lancaster Gate', 'id': 19464}]","[{'iso_3166_1': 'US', 'name': 'United States of America'}]",1995-12-22,0,101.0,"[{'iso_639_1': 'en', 'name': 'English'}]",Released,Still Yelling. Still Fighting. Still Ready for Love.,Grumpier Old Men,False,6.5,92
False,,16000000,"[{'id': 35, 'name': 'Comedy'}, {'id': 18, 'name': 'Drama'}, {'id': 10749, 'name': 'Romance'}]",,31357,tt0114885,en,Waiting to Exhale,"Cheated on, mistreated and stepped on, the women are holding their breath, waiting for the elusive ""good man"" to break a string of less-than-stellar lovers. Friends and confidants Vannah, Bernie, Glo and Robin talk it all out, determined to find a better way to breathe.",3.859495,/16XOMpEaLWkrcPqSQqhTmeJuqQl.jpg,"[{'name': 'Twentieth Century Fox Film Corporation', 'id': 306}]","[{'iso_3166_1': 'US', 'name': 'United States of America'}]",1995-12-22,81452156,127.0,"[{'iso_639_1': 'en', 'name': 'English'}]",Released,Friends are the people who let you be yourself... and never let you forget it.,Waiting to Exhale,False,6.1,34
False,"{'id': 96871, 'name': 'Father of the Bride Collection', 'poster_path': '/nts4iOmNnq7GNicycMJ9pSAn204.jpg', 'backdrop_path': '/7qwE57OVZmMJChBpLEbJEmzUydk.jpg'}",0,"[{'id': 35, 'name': 'Comedy'}]",,11862,tt0113041,en,Father of the Bride Part II,"Just when George Banks has recovered from his daughter's wedding, he receives the news that she's pregnant ... and that George's wife, Nina, is expecting too. He was planning on selling their home, but that's a plan that -- like George -- will have to change with the arrival of both a grandchild and a kid of his own.",8.387519,/e64sOI48hQXyru7naBFyssKFxVd.jpg,"[{'name': 'Sandollar Productions', 'id': 5842}, {'name': 'Touchstone Pictures', 'id': 9195}]","[{'iso_3166_1': 'US', 'name': 'United States of America'}]",1995-02-10,76578911,106.0,"[{'iso_639_1': 'en', 'name': 'English'}]",Released,Just When His World Is Back To Normal... He's In For The Surprise Of His Life!,Father of the Bride Part II,False,5.7,173
False,,60000000,"[{'id': 28, 'name': 'Action'}, {'id': 80, 'name': 'Crime'}, {'id': 18, 'name': 'Drama'}, {'id': 53, 'name': 'Thriller'}]",,949,tt0113277,en,Heat,"Obsessive master thief, Neil McCauley leads a top-notch crew on various insane heists throughout Los Angeles while a mentally unstable detective, Vincent Hanna pursues him without rest. Each man recognizes and respects the ability and the dedication of the other even though they are aware their cat-and-mouse game may end in violence.",17.924927,/zMyfPUelumio3tiDKPffaUpsQTD.jpg,"[{'name': 'Regency Enterprises', 'id': 508}, {'name': 'Forward Pass', 'id': 675}, {'name': 'Warner Bros.', 'id': 6194}]","[{'iso_3166_1': 'US', 'name': 'United States of America'}]",1995-12-15,187436818,170.0,"[{'iso_639_1': 'en', 'name': 'English'}, {'iso_639_1': 'es', 'name': 'Español'}]",Released,A Los Angeles Crime Saga,Heat,False,7.7,1886
False,,58000000,"[{'id': 35, 'name': 'Comedy'}, {'id': 10749, 'name': 'Romance'}]",,11860,tt0114319,en,Sabrina,"An ugly duckling having undergone a remarkable change, still harbors feelings for her crush: a carefree playboy, but not before his business-focused brother has something to say about it.",6.677277,/jQh15y5YB7bWz1NtffNZmRw0s9D.jpg,"[{'name': 'Paramount Pictures', 'id': 4}, {'name': 'Scott Rudin Productions', 'id': 258}, {'name': 'Mirage Enterprises', 'id': 932}, {'name': 'Sandollar Productions', 'id': 5842}, {'name': 'Constellation Entertainment', 'id': 14941}, {'name': 'Worldwide', 'id': 55873}, {'name': 'Mont Blanc Entertainment GmbH', 'id': 58079}]","[{'iso_3166_1': 'DE', 'name': 'Germany'}, {'iso_3166_1': 'US', 'name': 'United States of America'}]",1995-12-15,0,127.0,"[{'iso_639_1': 'fr', 'name': 'Français'}, {'iso_639_1': 'en', 'name': 'English'}]",Released,You are cordially invited to the most surprising merger of the year.,Sabrina,False,6.2,141
False,,0,"[{'id': 28, 'name': 'Action'}, {'id': 12, 'name': 'Adventure'}, {'id': 18, 'name': 'Drama'}, {'id': 10751, 'name': 'Family'}]",,45325,tt0112302,en,Tom and Huck,"A mischievous young boy, Tom Sawyer, witnesses a murder by the deadly Injun Joe. Tom becomes friends with Huckleberry Finn, a boy with no future and no family. Tom has to choose between honoring a friendship or honoring an oath because the town alcoholic is accused of the murder. Tom and Huck go through several adventures trying to retrieve evidence.",2.561161,/sGO5Qa55p7wTu7FJcX4H4xIVKvS.jpg,"[{'name': 'Walt Disney Pictures', 'id': 2}]","[{'iso_3166_1': 'US', 'name': 'United States of America'}]",1995-12-22,0,97.0,"[{'iso_639_1': 'en', 'name': 'English'}, {'iso_639_1': 'de', 'name': 'Deutsch'}]",Released,The Original Bad Boys.,Tom and Huck,False,5.4,45
False,,35000000,"[{'id': 28, 'name': 'Action'}, {'id': 12, 'name': 'Adventure'}, {'id': 53, 'name': 'Thriller'}]",,9091,tt0114576,en,Sudden Death,"International action superstar Jean Claude Van Damme teams with Powers Boothe in a Tension-packed, suspense thriller, set against the back-drop of a Stanley Cup game.Van Damme portrays a father whose daughter is suddenly taken during a championship hockey game. With the captors demanding a billion dollars by game's end, Van Damme frantically sets a plan in motion to rescue his daughter and abort an impending explosion before the final buzzer...",5.23158,/eoWvKD60lT95Ss1MYNgVExpo5iU.jpg,"[{'name': 'Universal Pictures', 'id': 33}, {'name': 'Imperial Entertainment', 'id': 21437}, {'name': 'Signature Entertainment', 'id': 23770}]","[{'iso_3166_1': 'US', 'name': 'United States of America'}]",1995-12-22,64350171,106.0,"[{'iso_639_1': 'en', 'name': 'English'}]",Released,Terror goes into overtime.,Sudden Death,False,5.5,174
False,"{'id': 645, 'name': 'James Bond Collection', 'poster_path': '/HORpg5CSkmeQlAolx3bKMrKgfi.jpg', 'backdrop_path': '/6VcVl48kNKvdXOZfJPdarlUGOsk.jpg'}",58000000,"[{'id': 12, 'name': 'Adventure'}, {'id': 28, 'name': 'Action'}, {'id': 53, 'name': 'Thriller'}]",http://www.mgm.com/view/movie/757/Goldeneye/,710,tt0113189,en,GoldenEye,James Bond must unmask the mysterious head of the Janus Syndicate and prevent the leader from utilizing the GoldenEye weapons system to inflict devastating revenge on Britain.,14.686036,/5c0ovjT41KnYIHYuF4AWsTe3sKh.jpg,"[{'name': 'United Artists', 'id': 60}, {'name': 'Eon Productions', 'id': 7576}]","[{'iso_3166_1': 'GB', 'name': 'United Kingdom'}, {'iso_3166_1': 'US', 'name': 'United States of America'}]",1995-11-16,352194034,130.0,"[{'iso_639_1': 'en', 'name': 'English'}, {'iso_639_1': 'ru', 'name': 'Pусский'}, {'iso_639_1': 'es', 'name': 'Español'}]",Released,No limits. No fears. No substitutes.,GoldenEye,False,6.6,1194
False,,62000000,"[{'id': 35, 'name': 'Comedy'}, {'id': 18, 'name': 'Drama'}, {'id': 10749, 'name': 'Romance'}]",,9087,tt0112346,en,The American President,"Widowed U.S. president Andrew Shepherd, one of the world's most powerful men, can have anything he wants -- and what he covets most is Sydney Ellen Wade, a Washington lobbyist. But Shepherd's attempts at courting her spark wild rumors and decimate his approval ratings.",6.318445,/lymPNGLZgPHuqM29rKMGV46ANij.jpg,"[{'name': 'Columbia Pictures', 'id': 5}, {'name': 'Castle Rock Entertainment', 'id': 97}]","[{'iso_3166_1': 'US', 'name': 'United States of America'}]",1995-11-17,107879496,106.0,"[{'iso_639_1': 'en', 'name': 'English'}]",Released,Why can't the most powerful man in the world have the one thing he wants most?,The American President,False,6.5,199
False,,0,"[{'id': 35, 'name': 'Comedy'}, {'id': 27, 'name': 'Horror'}]",,12110,tt0112896,en,Dracula: Dead and Loving It,"When a lawyer shows up at the vampire's doorstep, he falls prey to his charms and joins him in his search for fresh blood. Enter Dr. van Helsing, who may be the only one able to vanquish the count.",5.430331,/xve4cgfYItnOhtzLYoTwTVy5FGr.jpg,"[{'name': 'Columbia Pictures', 'id': 5}, {'name': 'Castle Rock Entertainment', 'id': 97}, {'name': 'Enigma Pictures', 'id': 6368}]","[{'iso_3166_1': 'FR', 'name': 'France'}, {'iso_3166_1': 'US', 'name': 'United States of America'}]",1995-12-22,0,88.0,"[{'iso_639_1': 'en', 'name': 'English'}, {'iso_639_1': 'de', 'name': 'Deutsch'}]",Released,,Dracula: Dead and Loving It,False,5.7,210
False,"{'id': 117693, 'name': 'Balto Collection', 'poster_path': '/w0ZgH6Lgxt2bQYnf1ss74UvYftm.jpg', 'backdrop_path': '/9VM5LiJV0bGb1st1KyHA3cVnO2G.jpg'}",0,"[{'id': 10751, 'name': 'Family'}, {'id': 16, 'name': 'Animation'}, {'id': 12, 'name': 'Adventure'}]",,21032,tt0112453,en,Balto,"An outcast half-wolf risks his life to prevent a deadly epidemic from ravaging Nome, Alaska.",12.140733,/gV5PCAVCPNxlOLFM1bKk50EqLXO.jpg,"[{'name': 'Universal Pictures', 'id': 33}, {'name': 'Amblin Entertainment', 'id': 56}, {'name': 'Amblimation', 'id': 4105}]","[{'iso_3166_1': 'US', 'name': 'United States of America'}]",1995-12-22,11348324,78.0,"[{'iso_639_1': 'en', 'name': 'English'}]",Released,Part Dog. Part Wolf. All Hero.,Balto,False,7.1,423
False,,44000000,"[{'id': 36, 'name': 'History'}, {'id': 18, 'name': 'Drama'}]",,10858,tt0113987,en,Nixon,"An all-star cast powers this epic look at American President Richard M. Nixon, a man carrying the fate of the world on his shoulders while battling the self-destructive demands within. Spanning his troubled boyhood in California to the shocking Watergate scandal that would end his presidency.",5.092,/cICkmCEiXRhvZmbuAlsA5D9B2rK.jpg,"[{'name': 'Hollywood Pictures', 'id': 915}, {'name': 'Cinergi Pictures Entertainment', 'id': 1504}]","[{'iso_3166_1': 'US', 'name': 'United States of America'}]",1995-12-22,13681765,192.0,"[{'iso_639_1': 'en', 'name': 'English'}]",Released,"Triumphant in Victory, Bitter in Defeat. He Changed the World, But Lost a Nation.",Nixon,False,7.1,72
False,,98000000,"[{'id': 28, 'name': 'Action'}, {'id': 12, 'name': 'Adventure'}]",,1408,tt0112760,en,Cutthroat Island,"Morgan Adams and her slave, William Shaw, are on a quest to recover the three portions of a treasure map. Unfortunately, the final portion is held by her murderous uncle, Dawg. Her crew is skeptical of her leadership abilities, so she must complete her quest before they mutiny against her. This is made yet more difficult by the efforts of the British crown to end her pirate raids.",7.284477,/odM9973kIv9hcjfHPp6g6BlyTIJ.jpg,"[{'name': 'Le Studio Canal+', 'id': 183}, {'name': 'Laurence Mark Productions', 'id': 415}, {'name': 'Metro-Goldwyn-Mayer (MGM)', 'id': 8411}, {'name': 'Carolco Pictures', 'id': 14723}]","[{'iso_3166_1': 'FR', 'name': 'France'}, {'iso_3166_1': 'DE', 'name': 'Germany'}, {'iso_3166_1': 'IT', 'name': 'Italy'}, {'iso_3166_1': 'US', 'name': 'United States of America'}]",1995-12-22,10017322,119.0,"[{'iso_639_1': 'en', 'name': 'English'}, {'iso_639_1': 'la', 'name': 'Latin'}]",Released,The Course Has Been Set. There Is No Turning Back. Prepare Your Weapons. Summon Your Courage. Discover the Adventure of a Lifetime!,Cutthroat Island,False,5.7,137
False,,52000000,"[{'id': 18, 'name': 'Drama'}, {'id': 80, 'name': 'Crime'}]",,524,tt0112641,en,Casino,The life of the gambling paradise – Las Vegas – and its dark mafia underbelly.,10.137389,/xo517ibXBDdYQY81j0WIG7BVcWq.jpg,"[{'name': 'Universal Pictures', 'id': 33}, {'name': 'Légende Entreprises', 'id': 10898}, {'name': 'Syalis DA', 'id': 11583}, {'name': 'De Fina-Cappa', 'id': 11584}]","[{'iso_3166_1': 'FR', 'name': 'France'}, {'iso_3166_1': 'US', 'name': 'United States of America'}]",1995-11-22,116112375,178.0,"[{'iso_639_1': 'en', 'name': 'English'}]",Released,No one stays at the top forever.,Casino,False,7.8,1343
False,,16500000,"[{'id': 18, 'name': 'Drama'}, {'id': 10749, 'name': 'Romance'}]",,4584,tt0114388,en,Sense and Sensibility,"Rich Mr. Dashwood dies, leaving his second wife and her daughters poor by the rules of inheritance. Two daughters are the titular opposites.",10.673167,/lA9HTy84Bb6ZwNeyoZKobcMdpMc.jpg,"[{'name': 'Columbia Pictures Corporation', 'id': 441}, {'name': 'Mirage Enterprises', 'id': 932}]","[{'iso_3166_1': 'GB', 'name': 'United Kingdom'}, {'iso_3166_1': 'US', 'name': 'United States of America'}]",1995-12-13,135000000,136.0,"[{'iso_639_1': 'en', 'name': 'English'}]",Released,Lose your heart and come to your senses.,Sense and Sensibility,False,7.2,364
False,,4000000,"[{'id': 80, 'name': 'Crime'}, {'id': 35, 'name': 'Comedy'}]",,5,tt0113101,en,Four Rooms,It's Ted the Bellhop's first night on the job...and the hotel's very unusual guests are about to place him in some outrageous predicaments. It seems that this evening's room service is serving up one unbelievable happening after another.,9.026586,/eQs5hh9rxrk1m4xHsIz1w11Ngqb.jpg,"[{'name': 'Miramax Films', 'id': 14}, {'name': 'A Band Apart', 'id': 59}]","[{'iso_3166_1': 'US', 'name': 'United States of America'}]",1995-12-09,4300000,98.0,"[{'iso_639_1': 'en', 'name': 'English'}]",Released,"Twelve outrageous guests. Four scandalous requests. And one lone bellhop, in his first day on the job, who's in for the wildest New year's Eve of his life.",Four Rooms,False,6.5,539
False,"{'id': 3167, 'name': 'Ace Ventura Collection', 'poster_path': '/qCxH543pScFed1CycwJ1nVgrkOc.jpg', 'backdrop_path': '/bswWgdDsLu0fhWMYUzLF8XgiK4h.jpg'}",30000000,"[{'id': 80, 'name': 'Crime'}, {'id': 35, 'name': 'Comedy'}, {'id': 12, 'name': 'Adventure'}]",,9273,tt0112281,en,Ace Ventura: When Nature Calls,"Summoned from an ashram in Tibet, Ace finds himself on a perilous journey into the jungles of Africa to find Shikaka, the missing sacred animal of the friendly Wachati tribe. He must accomplish this before the wedding of the Wachati's Princess to the prince of the warrior Wachootoos. If Ace fails, the result will be a vicious tribal war.",8.205448,/wRlGnJhEzcxBjvWtvbjhDSU1cIY.jpg,"[{'name': 'O Entertainment', 'id': 5682}, {'name': 'Warner Bros.', 'id': 6194}, {'name': 'Morgan Creek Productions', 'id': 10210}]","[{'iso_3166_1': 'US', 'name': 'United States of America'}]",1995-11-10,212385533,90.0,"[{'iso_639_1': 'en', 'name': 'English'}]",Released,New animals. New adventures. Same hair.,Ace Ventura: When Nature Calls,False,6.1,1128
False,,60000000,"[{'id': 28, 'name': 'Action'}, {'id': 35, 'name': 'Comedy'}, {'id': 80, 'name': 'Crime'}]",,11517,tt0113845,en,Money Train,"A vengeful New York transit cop decides to steal a trainload of subway fares; his foster brother, a fellow cop, tries to protect him.",7.337906,/jSozzzVOR2kfXgTUuGnbgG2yRFi.jpg,"[{'name': 'Columbia Pictures', 'id': 5}]","[{'iso_3166_1': 'US', 'name': 'United States of America'}]",1995-11-21,35431113,103.0,"[{'iso_639_1': 'en', 'name': 'English'}]",Released,"Get on, or GET OUT THE WAY!",Money Train,False,5.4,224
False,"{'id': 91698, 'name': 'Chili Palmer Collection', 'poster_path': '/ae3smJDdWrMJ77tDpYOrpo4frKq.jpg', 'backdrop_path': '/uWaANGQeoSs5vSP1CWtlkDrkqei.jpg'}",30250000,"[{'id': 35, 'name': 'Comedy'}, {'id': 53, 'name': 'Thriller'}, {'id': 80, 'name': 'Crime'}]",,8012,tt0113161,en,Get Shorty,"Chili Palmer is a Miami mobster who gets sent by his boss, the psychopathic ""Bones"" Barboni, to collect a bad debt from Harry Zimm, a Hollywood producer who specializes in cheesy horror films. When Chili meets Harry's leading lady, the romantic sparks fly. After pitching his own life story as a movie idea, Chili learns that being a mobster and being a Hollywood producer really aren't all that different.",12.669608,/vWtDUUgQAsVyvRW4mE75LBgVm2e.jpg,"[{'name': 'Jersey Films', 'id': 216}, {'name': 'Metro-Goldwyn-Mayer (MGM)', 'id': 8411}]","[{'iso_3166_1': 'US', 'name': 'United States of America'}]",1995-10-20,115101622,105.0,"[{'iso_639_1': 'en', 'name': 'English'}]",Released,"The mob is tough, but it’s nothing like show business.",Get Shorty,False,6.4,305
False,,0,"[{'id': 18, 'name': 'Drama'}, {'id': 53, 'name': 'Thriller'}]",,1710,tt0112722,en,Copycat,An agoraphobic psychologist and a female detective must work together to take down a serial killer who copies serial killers from the past.,10.701801,/80czeJGSoik22fhtUM9WzyjUU4r.jpg,"[{'name': 'Regency Enterprises', 'id': 508}, {'name': 'New Regency Pictures', 'id': 10104}]","[{'iso_3166_1': 'US', 'name': 'United States of America'}]",1995-10-27,0,124.0,"[{'iso_639_1': 'en', 'name': 'English'}, {'iso_639_1': 'de', 'name': 'Deutsch'}]",Released,"One man is copying the most notorious killers in history one at a time. Together, two women must stop him from killing again. Or they're next.",Copycat,False,6.5,199
False,,50000000,"[{'id': 28, 'name': 'Action'}, {'id': 12, 'name': 'Adventure'}, {'id': 80, 'name': 'Crime'}, {'id': 53, 'name': 'Thriller'}]",,9691,tt0112401,en,Assassins,"Assassin Robert Rath arrives at a funeral to kill a prominent mobster, only to witness a rival hired gun complete the job for him -- with grisly results. Horrified by the murder of innocent bystanders, Rath decides to take one last job and then return to civilian life. But finding his way out of the world of contract killing grows ever more dangerous as Rath falls for his female target and becomes a marked man himself.",11.065939,/xAx5MP7Dg4y85pyS7atX6eWk4Qd.jpg,"[{'name': 'Silver Pictures', 'id': 1885}, {'name': 'Canal+', 'id': 5358}, {'name': 'Warner Bros.', 'id': 6194}, {'name': 'Dino De Laurentiis Company', 'id': 10308}, {'name': 'Donner/Shuler-Donner Productions', 'id': 23397}, {'name': 'Evansgideon/Lazar', 'id': 25061}]","[{'iso_3166_1': 'FR', 'name': 'France'}, {'iso_3166_1': 'US', 'name': 'United States of America'}]",1995-10-06,30303072,132.0,"[{'iso_639_1': 'en', 'name': 'English'}, {'iso_639_1': 'es', 'name': 'Español'}, {'iso_639_1': 'nl', 'name': 'Nederlands'}]",Released,"In the shadows of life, In the business of death, One man found a reason to live...",Assassins,False,6.0,394
False,,0,"[{'id': 18, 'name': 'Drama'}, {'id': 14, 'name': 'Fantasy'}, {'id': 878, 'name': 'Science Fiction'}, {'id': 53, 'name': 'Thriller'}]",,12665,tt0114168,en,Powder,"Harassed by classmates who won't accept his shocking appearance, a shy young man known as ""Powder"" struggles to fit in. But the cruel taunts stop when Powder displays a mysterious power that allows him to do incredible things. This phenomenon changes the lives of all those around him in ways they never could have imagined.",12.133094,/1uRKsxOCtgz0xVqs9l4hYtp4dFm.jpg,"[{'name': 'Caravan Pictures', 'id': 175}, {'name': 'Hollywood Pictures', 'id': 915}]","[{'iso_3166_1': 'US', 'name': 'United States of America'}]",1995-10-27,0,111.0,"[{'iso_639_1': 'en', 'name': 'English'}]",Released,An extraordinary encounter with another human being.,Powder,False,6.3,143
False,,3600000,"[{'id': 18, 'name': 'Drama'}, {'id': 10749, 'name': 'Romance'}]",http://www.mgm.com/title_title.do?title_star=LEAVINGL,451,tt0113627,en,Leaving Las Vegas,"Ben Sanderson, an alcoholic Hollywood screenwriter who lost everything because of his drinking, arrives in Las Vegas to drink himself to death. There, he meets and forms an uneasy friendship and non-interference pact with prostitute Sera.",10.332025,/37qHRJxnSh5YkuaN9FgfNnMl3Tj.jpg,"[{'name': 'United Artists', 'id': 60}, {'name': 'Intial Productions', 'id': 15547}]","[{'iso_3166_1': 'US', 'name': 'United States of America'}]",1995-10-27,49800000,112.0,"[{'iso_639_1': 'en', 'name': 'English'}]",Released,I Love You... The Way You Are.,Leaving Las Vegas,False,7.1,365
False,,0,"[{'id': 18, 'name': 'Drama'}]",,16420,tt0114057,en,Othello,The evil Iago pretends to be friend of Othello in order to manipulate him to serve his own end in the film version of this Shakespeare classic.,1.845899,/qM0BXEQjmnAzlkDZ0tYmV6twqMX.jpg,"[{'name': 'Columbia Pictures', 'id': 5}, {'name': 'Castle Rock Entertainment', 'id': 97}]","[{'iso_3166_1': 'IT', 'name': 'Italy'}]",1995-12-15,0,123.0,"[{'iso_639_1': 'en', 'name': 'English'}]",Released,"Envy, greed, jealousy and love.",Othello,False,7.0,33
False,,12000000,"[{'id': 35, 'name': 'Comedy'}, {'id': 18, 'name': 'Drama'}, {'id': 10751, 'name': 'Family'}]",,9263,tt0114011,en,Now and Then,"Waxing nostalgic about the bittersweet passage from childhood to puberty in this tender coming-of-age tale, four childhood girlfriends -- Teeny, Chrissy, Samantha and Roberta -- recall the magical summer of 1970. During their walk down memory lane, they reconcile experiences with boys, secrets, bullies and more.",8.681325,/wD6rLdD2Ix3u9YLgE3Do8GyCHoz.jpg,"[{'name': 'New Line Cinema', 'id': 12}]","[{'iso_3166_1': 'US', 'name': 'United States of America'}]",1995-10-20,27400000,100.0,"[{'iso_639_1': 'en', 'name': 'English'}]",Released,In every woman there is the girl she left behind.,Now and Then,False,6.6,91
False,,0,"[{'id': 18, 'name': 'Drama'}, {'id': 10749, 'name': 'Romance'}]",,17015,tt0114117,en,Persuasion,"This film adaptation of Jane Austen's last novel follows Anne Elliot, the daughter of a financially troubled aristocratic family, who is persuaded to break her engagement to Frederick Wentworth, a young sea captain of meager means. Years later, money troubles force Anne's father to rent out the family estate to Admiral Croft, and Anne is again thrown into company with Frederick -- who is now rich, successful and perhaps still in love with Anne.",2.228434,/si8911IezMvAnQFDvyg1nKzDlD.jpg,"[{'name': 'BBC Films', 'id': 288}]","[{'iso_3166_1': 'GB', 'name': 'United Kingdom'}, {'iso_3166_1': 'FR', 'name': 'France'}]",1995-09-27,0,104.0,"[{'iso_639_1': 'en', 'name': 'English'}]",Released,,Persuasion,False,7.4,36
False,,18000000,"[{'id': 14, 'name': 'Fantasy'}, {'id': 878, 'name': 'Science Fiction'}, {'id': 12, 'name': 'Adventure'}]",,902,tt0112682,fr,La Cité des Enfants Perdus,"A scientist in a surrealist society kidnaps children to steal their dreams, hoping that they slow his aging process.",9.822423,/eVo6ewq4akfyJYy3GXkMsLNzEJc.jpg,"[{'name': 'Procirep', 'id': 311}, {'name': 'Constellation Productions', 'id': 590}, {'name': 'France 3 Cinéma', 'id': 591}, {'name': 'Claudie Ossard Productions', 'id': 592}, {'name': 'Eurimages', 'id': 850}, {'name': 'MEDIA Programme of the European Union', 'id': 851}, {'name': 'Cofimage 5', 'id': 1871}, {'name': 'Televisión Española (TVE)', 'id': 6639}, {'name': 'Tele München Fernseh Produktionsgesellschaft (TMG)', 'id': 7237}, {'name': ""Club d'Investissement Média"", 'id': 8170}, {'name': 'Canal+ España', 'id': 9335}, {'name': 'Elías Querejeta Producciones Cinematográficas S.L.', 'id': 12009}, {'name': 'Centre National de la Cinématographie (CNC)', 'id': 18367}, {'name': 'Victoires Productions', 'id': 25020}, {'name': 'Constellation', 'id': 25021}, {'name': 'Lumière Pictures', 'id': 25129}, {'name': 'Canal+', 'id': 47532}, {'name': 'Studio Image', 'id': 68517}, {'name': 'Cofimage 4', 'id': 79437}, {'name': 'Ossane', 'id': 79438}, {'name': 'Phoenix Images', 'id': 79439}]","[{'iso_3166_1': 'FR', 'name': 'France'}, {'iso_3166_1': 'DE', 'name': 'Germany'}, {'iso_3166_1': 'ES', 'name': 'Spain'}]",1995-05-16,1738611,108.0,"[{'iso_639_1': 'cn', 'name': '广州话 / 廣州話'}, {'iso_639_1': 'fr', 'name': 'Français'}]",Released,Where happily ever after is just a dream.,The City of Lost Children,False,7.6,308
False,,0,"[{'id': 18, 'name': 'Drama'}, {'id': 80, 'name': 'Crime'}]",,37557,tt0115012,zh,摇啊摇，摇到外婆桥,A provincial boy related to a Shanghai crime family is recruited by his uncle into cosmopolitan Shanghai in the 1930s to be a servant to a ganglord's mistress.,1.100915,/qcoOCoN7viOhboGwhYXyApdDuiq.jpg,"[{'name': 'Ministère des Affaires Étrangères', 'id': 2588}, {'name': 'Alpha Films', 'id': 4507}, {'name': 'La Sept Cinéma', 'id': 23647}]","[{'iso_3166_1': 'CN', 'name': 'China'}, {'iso_3166_1': 'FR', 'name': 'France'}]",1995-04-30,0,108.0,"[{'iso_639_1': 'zh', 'name': '普通话'}]",Released,In 1930's Shanghai violence was not the problem. It was the solution.,Shanghai Triad,False,6.5,17
False,,0,"[{'id': 18, 'name': 'Drama'}, {'id': 80, 'name': 'Crime'}]",,9909,tt0112792,en,Dangerous Minds,"Former Marine Louanne Johnson lands a gig teaching in a pilot program for bright but underachieving teens at a notorious inner-city high school. After having a terrible first day, she decides she must throw decorum to the wind. When Johnson returns to the classroom, she does so armed with a no-nonsense attitude informed by her military training and a fearless determination to better the lives of her students -- no matter what the cost.",9.481338,/y5Jee3QmYOlpqfaPPbfvtdVc5wj.jpg,"[{'name': 'Hollywood Pictures', 'id': 915}, {'name': 'Via Rosa Productions', 'id': 10103}, {'name': 'Don Simpson/Jerry Bruckheimer Films', 'id': 10288}]","[{'iso_3166_1': 'US', 'name': 'United States of America'}]",1995-08-11,180000000,99.0,"[{'iso_639_1': 'en', 'name': 'English'}]",Released,She broke the rules... and changed their lives.,Dangerous Minds,False,6.4,249
False,,29500000,"[{'id': 878, 'name': 'Science Fiction'}, {'id': 53, 'name': 'Thriller'}, {'id': 9648, 'name': 'Mystery'}]",,63,tt0114746,en,Twelve Monkeys,"In the year 2035, convict James Cole reluctantly volunteers to be sent back in time to discover the origin of a deadly virus that wiped out nearly all of the earth's population and forced the survivors into underground communities. But when Cole is mistakenly sent to 1990 instead of 1996, he's arrested and locked up in a mental hospital. There he meets psychiatrist Dr. Kathryn Railly, and patient Jeffrey Goines, the son of a famous virus expert, who may hold the key to the mysterious rogue group, the Army of the 12 Monkeys, thought to be responsible for unleashing the killer disease.",12.297305,/6Sj9wDu3YugthXsU0Vry5XFAZGg.jpg,"[{'name': 'Universal Pictures', 'id': 33}, {'name': 'Atlas Entertainment', 'id': 507}, {'name': 'Classico', 'id': 17031}]","[{'iso_3166_1': 'US', 'name': 'United States of America'}]",1995-12-29,168840000,129.0,"[{'iso_639_1': 'en', 'name': 'English'}, {'iso_639_1': 'fr', 'name': 'Français'}]",Released,The future is history.,Twelve Monkeys,False,7.4,2470
False,,0,"[{'id': 10749, 'name': 'Romance'}, {'id': 12, 'name': 'Adventure'}]",,78802,tt0114952,fr,"Guillaumet, les ailes du courage",,0.745542,/k6ODtR38dKEfuzSGjggr8KDyAF4.jpg,"[{'name': 'Iwerks Entertainment', 'id': 70801}]","[{'iso_3166_1': 'FR', 'name': 'France'}, {'iso_3166_1': 'US', 'name': 'United States of America'}]",1996-09-18,0,50.0,"[{'iso_639_1': 'en', 'name': 'English'}]",Released,,Wings of Courage,False,6.8,4
False,"{'id': 9435, 'name': 'Babe Collection', 'poster_path': '/jgnah0k4AumfcZE4HHMJywYHvG6.jpg', 'backdrop_path': '/zRWuGdIlkWqXMQcs1t3sPy1XQ6x.jpg'}",30000000,"[{'id': 14, 'name': 'Fantasy'}, {'id': 18, 'name': 'Drama'}, {'id': 35, 'name': 'Comedy'}, {'id': 10751, 'name': 'Family'}]",,9598,tt0112431,en,Babe,"Babe is a little pig who doesn't quite know his place in the world. With a bunch of odd friends, like Ferdinand the duck who thinks he is a rooster and Fly the dog he calls mom, Babe realizes that he has the makings to become the greatest sheep pig of all time, and Farmer Hogget knows it. With the help of the sheep dogs Babe learns that a pig can be anything that he wants to be.",14.404764,/gN6X3fwPya8pLffk9OEWV3DqBnE.jpg,"[{'name': 'Universal Pictures', 'id': 33}, {'name': 'Kennedy Miller Productions', 'id': 2537}]","[{'iso_3166_1': 'AU', 'name': 'Australia'}, {'iso_3166_1': 'US', 'name': 'United States of America'}]",1995-07-18,254134910,89.0,"[{'iso_639_1': 'en', 'name': 'English'}]",Released,A little pig goes a long way.,Babe,False,6.0,756
False,,0,"[{'id': 36, 'name': 'History'}, {'id': 18, 'name': 'Drama'}, {'id': 10749, 'name': 'Romance'}]",,47018,tt0112637,en,Carrington,"The story of the relationship between painter Dora Carrington and author Lytton Strachey in a World War One England of cottages and countryside. Although platonic due to Strachey's homosexuality, the relationship was nevertheless a deep and complicated one. When Carrington did develop a more physical relationship with soldier Ralph Partridge, Strachey was able to welcome him as a friend, although Partridge remained somewhat uneasy, not so much with Strachey's lifestyle and sexual orientation as with the fact that he was a conscientious objector.",1.493361,/a7w6rPdTBgWAx6lnhwHemPx9pEw.jpg,"[{'name': 'StudioCanal', 'id': 694}, {'name': 'Cinéa', 'id': 874}, {'name': 'Euston Films', 'id': 8363}, {'name': 'Freeway Films', 'id': 19316}, {'name': 'European Co-production Fund', 'id': 30226}, {'name': 'Polygram Filmed Entertainment', 'id': 31080}, {'name': 'Orsans Productions', 'id': 44821}]","[{'iso_3166_1': 'FR', 'name': 'France'}, {'iso_3166_1': 'GB', 'name': 'United Kingdom'}]",1995-11-08,0,121.0,"[{'iso_639_1': 'en', 'name': 'English'}]",Released,A Love so Unusual it has to be True,Carrington,False,6.4,16
False,,11000000,"[{'id': 18, 'name': 'Drama'}]",,687,tt0112818,en,Dead Man Walking,A justice drama based on a true story about a man on death row who in his last days forms a strong relationship with a nun who teaches him forgiveness and gives him spirituality as she accompanies him to his execution. Susan Sarandon won an Oscar for best female actress for her convincing portrayal of Sister Helen Prejean.,6.891317,/y19uRkAHXOHLeySuBVMqnvVnsrA.jpg,"[{'name': 'Havoc', 'id': 406}, {'name': 'PolyGram Filmed Entertainment', 'id': 1382}, {'name': 'Working Title Films', 'id': 10163}]","[{'iso_3166_1': 'US', 'name': 'United States of America'}, {'iso_3166_1': 'GB', 'name': 'United Kingdom'}]",1995-12-29,39363635,122.0,"[{'iso_639_1': 'en', 'name': 'English'}]",Released,,Dead Man Walking,False,7.3,350
False,,0,"[{'id': 12, 'name': 'Adventure'}, {'id': 36, 'name': 'History'}, {'id': 18, 'name': 'Drama'}, {'id': 10751, 'name': 'Family'}]",,139405,tt0112286,en,Across the Sea of Time,"A young Russian boy, Thomas Minton, travels to New York as a passenger on a Russian freighter. Close to Ellis Island he gets off and thus starts his journey to America the same way as all immigrants in former times. Thomas is searching for the family of one of his ancestors, who had emigrated decades ago, but once sent a letter home together with a sample of his new profession: 3D-Photography. The boy follows his relative's traces by counter-checking the old 3D-Photographs of New York (using an antique viewer) with the same places and how they look today. This way, the audience gets to see the Big Apple in former times as well as today.",0.114469,/lKOAyy098yjoot8cutYsStVO1WS.jpg,"[{'name': 'Sony New Technologies', 'id': 53390}]","[{'iso_3166_1': 'US', 'name': 'United States of America'}]",1995-10-20,0,51.0,"[{'iso_639_1': 'ru', 'name': 'Pусский'}, {'iso_639_1': 'en', 'name': 'English'}]",Released,,Across the Sea of Time,False,3.5,2
False,,0,"[{'id': 35, 'name': 'Comedy'}, {'id': 10751, 'name': 'Family'}, {'id': 10749, 'name': 'Romance'}]",,33689,tt0113442,en,It Takes Two,"Identical 9-year-olds from very different backgrounds: orphaned Amanda and wealthy Alyssa meet at summer camp and decide to switch places -- and play matchmaker between Alyssa's dad, Roger, and the kind social worker who cares for Amanda.",7.777735,/l67WJL3Mjce1yoEgL4HheR5v75D.jpg,"[{'name': 'Dualstar Productions', 'id': 6130}, {'name': 'Warner Bros.', 'id': 6194}, {'name': 'Rysher Entertainment', 'id': 11661}, {'name': 'Orr & Cruickshank', 'id': 89131}]","[{'iso_3166_1': 'US', 'name': 'United States of America'}]",1995-11-17,0,101.0,"[{'iso_639_1': 'en', 'name': 'English'}]",Released,Two identical strangers. Two different worlds. One perfect match.,It Takes Two,False,6.1,149
False,,12000000,"[{'id': 35, 'name': 'Comedy'}, {'id': 18, 'name': 'Drama'}, {'id': 10749, 'name': 'Romance'}]",,9603,tt0112697,en,Clueless,"Shallow, rich and socially successful Cher is at the top of her Beverly Hills high school's pecking scale. Seeing herself as a matchmaker, Cher first coaxes two teachers into dating each other. Emboldened by her success, she decides to give hopelessly klutzy new student Tai a makeover. When Tai becomes more popular than she is, Cher realizes that her disapproving ex-stepbrother was right about how misguided she was -- and falls for him.",9.882383,/i8gEHh2sszB6YWLC0jl559sxAeN.jpg,"[{'name': 'Paramount Pictures', 'id': 4}]","[{'iso_3166_1': 'US', 'name': 'United States of America'}]",1995-07-19,0,97.0,"[{'iso_639_1': 'es', 'name': 'Español'}, {'iso_639_1': 'en', 'name': 'English'}]",Released,Sex. Clothes. Popularity. Is there a problem here?,Clueless,False,6.9,828
False,,0,"[{'id': 18, 'name': 'Drama'}]",,34615,tt0112749,en,"Cry, the Beloved Country",A South-African preacher goes to search for his wayward son who has committed a crime in the big city.,0.894647,/ymA7HQqRiyo1xrnFFv1ZrwNpwlb.jpg,"[{'name': 'Miramax', 'id': 53009}, {'name': 'Distant Horizon', 'id': 85681}, {'name': 'Alpine Pty Limited', 'id': 89840}]","[{'iso_3166_1': 'ZA', 'name': 'South Africa'}]",1995-12-15,676525,106.0,"[{'iso_639_1': 'en', 'name': 'English'}]",Released,,"Cry, the Beloved Country",False,6.7,13
False,,0,"[{'id': 18, 'name': 'Drama'}, {'id': 10752, 'name': 'War'}]",,31174,tt0114279,en,Richard III,Shakespeare's Play transplanted into a 1930s setting.,4.561387,/e8nuS9GQoSFaqld4hW5erk2ccag.jpg,"[{'name': 'British Screen', 'id': 871}, {'name': 'Mayfair Entertainment International', 'id': 34237}]","[{'iso_3166_1': 'GB', 'name': 'United Kingdom'}, {'iso_3166_1': 'US', 'name': 'United States of America'}]",1995-12-29,0,104.0,"[{'iso_639_1': 'en', 'name': 'English'}]",Released,"I can smile, and murder while I smile",Richard III,False,6.9,50
False,,10000000,"[{'id': 28, 'name': 'Action'}, {'id': 80, 'name': 'Crime'}, {'id': 18, 'name': 'Drama'}, {'id': 36, 'name': 'History'}]",,11443,tt0112819,en,Dead Presidents,"Depicts a heist of old bills, retired from circulation and destined by the government to be ""money to burn"". However, more broadly, it addresses the issues of Black Americans' involvement in the Vietnam War and their subsequent disillusionment with progress in social issues and civil rights back home in the United States, during the 1960s.",9.87957,/2dLyvXVvJXUR9otoqERkYpao1bB.jpg,"[{'name': 'Caravan Pictures', 'id': 175}, {'name': 'Underworld Entertainment', 'id': 476}, {'name': 'Hollywood Pictures', 'id': 915}]","[{'iso_3166_1': 'US', 'name': 'United States of America'}]",1995-10-06,0,119.0,"[{'iso_639_1': 'en', 'name': 'English'}]",Released,"In this daring heist, the only color that counts is green",Dead Presidents,False,6.6,80
False,,19000000,"[{'id': 18, 'name': 'Drama'}, {'id': 10749, 'name': 'Romance'}]",,35196,tt0114272,en,Restoration,"An aspiring young physician, Robert Merivel found himself in the service of King Charles II and saves the life of someone close to the King. Merivel joins the King's court and lives the high life provided to someone of his position. Merivel is ordered to marry his King's mistress in order to divert the queens suspicions. He is given one order by the king and that is not to fall in love. The situation worsens when Merivel finds himself in love with his new wife. Eventually, the King finds out and relieves Merivel of his position and wealth. His fall from grace leaves Merivel where he first started. And through his travels and reunions with an old friend, he rediscovers his love for true medicine and what it really means to be a physician.",10.979269,/aqQdEQ1ZVdzrREJxCoPzTlLgHVw.jpg,"[{'name': 'Miramax Films', 'id': 14}]","[{'iso_3166_1': 'US', 'name': 'United States of America'}]",1995-12-29,0,117.0,"[{'iso_639_1': 'en', 'name': 'English'}, {'iso_639_1': 'es', 'name': 'Español'}]",Released,,Restoration,False,6.3,30
False,"{'id': 9818, 'name': 'Mortal Kombat Collection', 'poster_path': '/nauCllomdtyciLCRcVrSJKcJQbn.jpg', 'backdrop_path': '/qD3efz57VGNywAN4lTvgz3FHnBb.jpg'}",18000000,"[{'id': 28, 'name': 'Action'}, {'id': 14, 'name': 'Fantasy'}]",,9312,tt0113855,en,Mortal Kombat,"For nine generations an evil sorcerer has been victorious in hand-to-hand battle against his mortal enemies. If he wins a tenth Mortal Kombat tournament, desolation and evil will reign over the multiverse forever. To save Earth, three warriors must overcome seemingly insurmountable odds, their own inner demons, and superhuman foes in this action/adventure movie based on one of the most popular video games of all time.",10.870138,/bdXWixjWVA7Y03PvW74xufrROiJ.jpg,"[{'name': 'New Line Cinema', 'id': 12}, {'name': 'Threshold Entertainment', 'id': 4174}]","[{'iso_3166_1': 'US', 'name': 'United States of America'}]",1995-08-18,122195920,101.0,"[{'iso_639_1': 'en', 'name': 'English'}]",Released,Nothing In This World Has Prepared You For This.,Mortal Kombat,False,5.4,452
False,,20000000,"[{'id': 14, 'name': 'Fantasy'}, {'id': 18, 'name': 'Drama'}, {'id': 35, 'name': 'Comedy'}, {'id': 53, 'name': 'Thriller'}]",,577,tt0114681,en,To Die For,"Susan wants to work in television and will therefore do anything it takes, even if it means killing her husband. A very dark comedy from independent director Gus Van Sant with a brilliant Nicole Kidman in the leading role.",10.448481,/zCREx8trzejNieDLUsRuwLU0cS3.jpg,"[{'name': 'The Rank Organisation', 'id': 364}, {'name': 'Columbia Pictures Corporation', 'id': 441}]","[{'iso_3166_1': 'US', 'name': 'United States of America'}]",1995-05-20,21284514,106.0,"[{'iso_639_1': 'en', 'name': 'English'}]",Released,All she wanted was a little attention.,To Die For,False,6.7,177
False,,10000000,"[{'id': 18, 'name': 'Drama'}, {'id': 10749, 'name': 'Romance'}]",,11861,tt0113347,en,How To Make An American Quilt,"Soon-to-be-wed graduate student Finn Dodd develops cold feet when she suspects her fiancé is cheating on her. In order to clear her head, Finn visits her grandmother, Hy, and great aunt, Glady Joe Cleary, in Grasse, Calif. There, Finn learns that Hy and Glady Joe are members of a group of passionate quilters, and over the course of her visit she is regaled with tales of love and life by women who have collected rich experiences and much wisdom.",4.485958,/wnWAZHbjX5Wj6hyb0gGmFdMADZk.jpg,"[{'name': 'Universal Pictures', 'id': 33}, {'name': 'Amblin Entertainment', 'id': 56}]","[{'iso_3166_1': 'US', 'name': 'United States of America'}]",1995-10-06,23574130,116.0,"[{'iso_639_1': 'en', 'name': 'English'}]",Released,There's beauty in the patterns of life.,How To Make An American Quilt,False,6.5,38
False,,33000000,"[{'id': 80, 'name': 'Crime'}, {'id': 9648, 'name': 'Mystery'}, {'id': 53, 'name': 'Thriller'}]",http://www.sevenmovie.com/,807,tt0114369,en,Se7en,"Two homicide detectives are on a desperate hunt for a serial killer whose crimes are based on the ""seven deadly sins"" in this dark and haunting film that takes viewers from the tortured remains of one victim to the next. The seasoned Det. Sommerset researches each sin in an effort to get inside the killer's mind, while his novice partner, Mills, scoffs at his efforts to unravel the case.",18.45743,/8zw8IL4zEPjkh8Aysdcd0FwGMb0.jpg,"[{'name': 'New Line Cinema', 'id': 12}, {'name': 'Juno Pix', 'id': 4286}, {'name': 'Cecchi Gori Pictures', 'id': 65394}]","[{'iso_3166_1': 'US', 'name': 'United States of America'}]",1995-09-22,327311859,127.0,"[{'iso_639_1': 'en', 'name': 'English'}]",Released,Seven deadly sins. Seven ways to die.,Se7en,False,8.1,5915
False,"{'id': 136214, 'name': 'Pocahontas Collection', 'poster_path': '/s4RkDe4AjwyrlltdF6Ui7INlME6.jpg', 'backdrop_path': '/qqeOxNmtAW7WXdbrmQftgluvve7.jpg'}",55000000,"[{'id': 12, 'name': 'Adventure'}, {'id': 16, 'name': 'Animation'}, {'id': 18, 'name': 'Drama'}, {'id': 10751, 'name': 'Family'}]",,10530,tt0114148,en,Pocahontas,"History comes gloriously to life in Disney's epic animated tale about love and adventure in the New World. Pocahontas is a Native American woman whose father has arranged for her to marry her village's best warrior. But a vision tells her change is coming, and soon she comes face to face with it in the form of Capt. John Smith.",13.280069,/qk95miOV8wDABbO5gyCpCrvbVFu.jpg,"[{'name': 'Walt Disney Pictures', 'id': 2}, {'name': 'Walt Disney Feature Animation', 'id': 10217}]","[{'iso_3166_1': 'US', 'name': 'United States of America'}]",1995-06-14,346079773,81.0,"[{'iso_639_1': 'en', 'name': 'English'}]",Released,An American legend comes to life.,Pocahontas,False,6.7,1509
False,,0,"[{'id': 18, 'name': 'Drama'}, {'id': 10749, 'name': 'Romance'}]",,8391,tt0114916,en,When Night Is Falling,"A prudish woman, working on tenure as a literacy professor at a large urban university, finds herself strangely attracted to a free-spirited, liberal woman whom works at a local carnival which comes to town.",3.302524,/wnUuYc9XnWrTTAGz8YjjULA3Zmr.jpg,"[{'name': 'Alliance Communications Corporation', 'id': 2480}]","[{'iso_3166_1': 'CA', 'name': 'Canada'}]",1995-05-05,0,96.0,"[{'iso_639_1': 'en', 'name': 'English'}]",Released,,When Night Is Falling,False,5.9,10
False,,6000000,"[{'id': 18, 'name': 'Drama'}, {'id': 80, 'name': 'Crime'}, {'id': 53, 'name': 'Thriller'}]",http://www.mgm.com/#/our-titles/2083/The-Usual-Suspects,629,tt0114814,en,The Usual Suspects,"Held in an L.A. interrogation room, Verbal Kint attempts to convince the feds that a mythic crime lord, Keyser Soze, not only exists, but was also responsible for drawing him and his four partners into a multi-million dollar heist that ended with an explosion in San Pedro harbor – leaving few survivors. Verbal lures his interrogators with an incredible story of the crime lord's almost supernatural prowess.",16.302466,/jgJoRWltoS17nD5MAQ1yK2Ztefw.jpg,"[{'name': 'Blue Parrot Productions', 'id': 361}, {'name': 'Bad Hat Harry Productions', 'id': 9168}]","[{'iso_3166_1': 'US', 'name': 'United States of America'}]",1995-07-19,23341568,106.0,"[{'iso_639_1': 'es', 'name': 'Español'}, {'iso_639_1': 'en', 'name': 'English'}, {'iso_639_1': 'fr', 'name': 'Français'}, {'iso_639_1': 'hu', 'name': 'Magyar'}]",Released,Five Criminals. One Line Up. No Coincidence.,The Usual Suspects,False,8.1,3334